,City,Lat,Lon,Temperature,Min Temp,Max Temp,Humidity,Cloudiness,Wind Speed,Country,Date
0,banda aceh,5.5528455,95.3192908,85.89,85.89,85.89,67,97,10.76,ID,1651459094
1,pacific grove,36.6211149,-121.9177944,54.21,51.67,63.05,81,0,10.36,US,1651458821
2,constitucion,-35.3318306,-72.4118998,52.29,52.29,52.29,73,2,6.62,CL,1651459095
3,hermanus,-34.4175,19.2361111,59.85,59.85,59.85,80,99,9.15,ZA,1651459096
4,thompson,55.743347,-97.863464,24.98,24.98,24.98,86,100,13.8,CA,1651459096
5,ushuaia,-54.806115899999995,-68.3184972880496,38.89,38.89,38.89,87,20,4.61,AR,1651459097
6,vaini,-21.1925671,-175.1772797,82.69,82.69,82.69,83,75,11.5,TO,1651459097
7,kapaa,22.0747334,-159.3191601,76.57,76.12,84.18,80,75,17.27,US,1651459098
8,abu kamal,34.4505112,40.9170588,65.89,65.89,65.89,64,0,17.43,SY,1651459099
9,lavrentiya,65.5837793,-171.0058116,17.29,17.29,17.29,78,9,10.42,RU,1651459099
10,tucuman,-26.8303703,-65.2038133,60.84,60.84,60.84,55,100,5.75,AR,1651459100
11,vila velha,-20.3297037,-40.2920174,75.94,75.94,78.75,79,0,8.05,BR,1651459100
12,port hardy,50.7244402,-127.4976081,49.93,46.56,49.98,81,100,5.75,CA,1651459101
13,rio gallegos,-51.64607595,-69.26322885452636,35.67,35.67,35.67,93,0,8.05,AR,1651459102
14,isangel,-19.5410863,169.2810885,81.43,81.43,81.43,80,94,10.58,VU,1651459103
15,bluff,-46.6014038,168.3398682,64.92,64.92,64.92,69,73,9.62,NZ,1651459103
16,busselton,-33.644499,115.3488754,67.84,67.84,67.84,74,84,8.19,AU,1651459104
17,mataura,-46.192734,168.8642685,64.47,64.47,64.47,56,23,4.79,NZ,1651459104
18,huilong,31.805682,121.6674363,70.95,70.95,70.95,54,88,12.06,CN,1651459105
19,quatre cocos,-20.2094657,57.7705601,74.21,73.65,74.21,86,2,6.35,MU,1651459106
20,leningradskiy,54.129108,79.236702,51.89,51.89,51.89,53,88,14.2,RU,1651459106
21,avarua,-21.2074736,-159.7708145,84.18,84.18,84.18,70,20,4.61,CK,1651459107
22,hilo,19.7073734,-155.0815803,71.19,71.04,77.2,97,100,6.91,US,1651459108
23,new norfolk,-42.7801998,147.0615332,65.25,63.14,69.53,58,100,1.99,AU,1651459108
24,arlit,18.739079,7.393331,81.12,81.12,81.12,12,8,10.09,NE,1651459109
25,chokurdakh,70.6193824,147.902397,32.27,32.27,32.27,91,39,11.1,RU,1651459109
26,maldonado,-34.9087162,-54.9582718,57.04,56.68,57.04,62,75,16.11,UY,1651459110
27,tyrma,50.043232,132.167542,52.21,52.21,52.21,42,100,0.04,RU,1651459111
28,atuona,-9.77932315,-139.06194910808324,68.58,68.58,68.58,82,100,14.88,PF,1651459111
29,bredasdorp,-34.533055,20.042778,54.81,54.81,54.81,94,96,4.94,ZA,1651459112
30,codrington,17.640463,-61.8255199,78.46,78.46,78.46,80,67,19.48,AG,1651459112
31,ribeira grande,37.8225227,-25.5194914,65.12,61.14,65.12,75,75,5.75,PT,1651459113
32,nyurba,63.286648,118.354149,29.64,29.64,29.64,47,59,13.56,RU,1651459114
33,carnarvon,-24.8826131,113.6576486,84.18,84.18,84.18,32,1,10.36,AU,1651459114
34,lebu,-37.6099644,-73.6559477,52.0,52.0,52.0,92,1,14.54,CL,1651459115
35,rikitea,-23.1229544,-134.9680141,76.46,76.46,76.46,71,100,5.32,PF,1651459115
36,tamandare,-8.7500009,-35.1045787,76.57,76.57,76.57,87,30,5.23,BR,1651459116
37,sesheke,-17.4809495,24.2944723,57.65,57.65,57.65,69,14,4.9,ZM,1651459117
38,sao filipe,14.8952963,-24.4969361,72.95,72.95,72.95,74,1,7.94,CV,1651459118
39,vikulovo,55.0748472,40.9568119,37.45,37.45,37.45,75,66,4.25,RU,1651459118
40,kidal,18.4408358,1.4075395,77.99,77.99,77.99,14,1,10.65,ML,1651459119
41,punta arenas,-53.1625688,-70.907822,35.89,35.89,35.89,87,0,8.05,CL,1651459120
42,maceio,-9.6476843,-35.7339264,76.01,76.01,76.01,88,75,1.14,BR,1651459120
43,zelenoborsk,61.4734505,64.0440652,32.0,32.0,32.0,75,100,10.38,RU,1651459121
44,nuuk,64.175029,-51.7355386,29.12,29.12,29.12,86,75,9.22,GL,1651459121
45,port elizabeth,-33.9617051,25.6207519,51.91,51.91,55.15,93,0,3.44,ZA,1651459122
46,salinopolis,-0.6259282,-47.3442819,76.71,76.71,76.71,90,99,4.76,BR,1651459123
47,lamont,42.5985957,-91.6421006,45.14,44.29,46.54,87,100,7.0,US,1651459123
48,guhagar,17.4834945,73.1900342,85.15,85.15,85.15,68,2,2.71,IN,1651459124
49,saint-augustin,48.7858921,3.0292059,43.45,40.89,49.15,92,97,6.73,FR,1651459124
50,normandin,48.837153,-72.529678,39.29,37.67,39.29,81,91,2.3,CA,1651459125
51,tura,47.3900474,0.6889268,45.81,40.19,48.88,78,0,4.61,FR,1651459126
52,martigny,49.8597222,4.1375,45.64,45.64,47.53,83,100,6.26,FR,1651459126
53,yevpatoriya,45.1907635,33.3679049,48.0,48.0,48.0,73,4,8.9,UA,1651459127
54,fortuna,40.597407,-124.156034,51.76,51.08,54.12,87,20,9.22,US,1651459128
55,saint-philippe,45.3584499,-73.4790045,57.33,51.03,60.84,46,0,9.22,CA,1651459128
56,caravelas,-17.7296514,-39.2660082,72.57,72.57,72.57,87,0,2.71,BR,1651459129
57,moose factory,51.2602173,-80.6032819,39.18,39.18,41.02,75,100,6.91,CA,1651459129
58,lasa,43.1571441,-1.2601799,53.62,53.01,54.88,93,97,1.21,FR,1651459130
59,lagoa,37.13258125,-8.45505094811731,55.67,55.67,56.68,78,3,13.8,PT,1651459131
60,taltal,-25.4078293,-70.4858424,59.67,59.67,59.67,83,31,1.45,CL,1651459131
61,samusu,-13.9974088,-171.4288872,81.55,81.55,81.55,78,100,5.55,WS,1651459132
62,dikson,73.5083894,80.5123816,17.02,17.02,17.02,91,100,12.5,RU,1651459132
63,evensk,61.919209,159.235931,31.98,31.98,31.98,79,31,5.68,RU,1651459133
64,albania,5.7587654,-73.9151617,59.58,59.58,59.58,97,100,3.44,CO,1651459134
65,tiarei,-17.558316750000003,-149.37107895658022,77.22,76.8,77.22,73,95,4.97,PF,1651459134
66,illoqqortoormiut,70.4850588,-21.9641992,11.48,11.48,11.48,76,14,3.42,GL,1651459135
67,hobart,-42.8825088,147.3281233,68.2,63.21,69.6,51,75,20.71,AU,1651459135
68,bilma,18.69293,12.91872,87.96,87.96,87.96,11,6,10.22,NE,1651459136
69,axim,4.865362,-2.242169,79.95,79.95,79.95,85,100,6.49,GH,1651459137
70,copiapo,-27.3664685,-70.3322753,51.49,51.49,51.49,73,0,1.01,CL,1651459137
71,oistins,13.0631947,-59.542242,79.36,79.36,79.36,89,20,14.97,BB,1651459138
72,tuktoyaktuk,69.4465095,-133.0340333538775,39.2,39.2,39.2,70,75,10.36,CA,1651459139
73,pevek,69.7028171,170.2746851,22.44,22.44,22.44,73,100,8.7,RU,1651459139
74,yellowknife,62.4540807,-114.377385,42.98,42.98,42.98,52,0,11.5,CA,1651459140
75,yacuiba,-22.0136831,-63.6781103,56.43,56.43,56.43,99,100,3.36,BO,1651459141
76,lorengau,-2.0329567,147.2789185,84.24,84.24,84.24,71,100,4.56,PG,1651459141
77,acapulco,16.8680495,-99.8940182,80.08,80.08,80.08,69,75,6.91,MX,1651459142
78,namibe,-15.195064,12.1458085,71.82,71.82,71.82,74,37,7.36,AO,1651459143
79,avera,43.3896226,-0.1768284,50.22,50.22,52.38,93,75,4.61,FR,1651459143
80,erenhot,43.6407813,111.943519,67.14,67.14,67.14,20,43,6.62,CN,1651459144
81,severo-kurilsk,50.6683048,156.1154399,36.19,36.19,36.19,86,89,6.93,RU,1651459144
82,inirida,3.8650368,-67.9259848,72.59,72.59,72.59,97,34,2.19,CO,1651459145
83,san patricio,27.9695325,-97.7731720386266,78.31,77.56,79.25,88,82,15.14,US,1651459146
84,laguna,28.4857715,-16.3159422,60.6,57.96,62.83,52,0,4.61,ES,1651459146
85,albany,42.6511674,-73.754968,54.84,49.95,58.19,53,75,1.01,US,1651458899
86,ojinaga,29.5498622,-104.4139362,85.05,84.29,85.05,51,0,17.27,MX,1651459147
87,qaanaaq,77.4686357,-69.2222746,4.28,4.28,4.28,65,23,7.02,GL,1651459148
88,tenenkou,14.4547633,-4.9164995,88.63,88.63,88.63,29,38,5.88,ML,1651459149
89,kapoeta,4.7691017,33.58997,75.58,75.58,75.58,73,100,13.22,SS,1651459149
90,karatuzskoye,53.600666,92.868996,68.52,68.52,68.52,34,100,6.08,RU,1651459150
91,grand river south east,-20.2907247,57.7851931,73.9,73.9,74.48,94,20,3.44,MU,1651459151
92,palamos,41.8495354,3.1278785,59.11,56.91,61.0,57,100,4.0,ES,1651459151
93,iqaluit,63.74944,-68.521857,23.92,23.92,24.75,79,40,3.44,CA,1651459152
94,saskylakh,71.9649533,114.0939433,18.27,18.27,18.27,88,34,7.87,RU,1651459153
95,kurilsk,45.2290413,147.8751845,38.52,38.52,38.52,87,100,20.8,RU,1651459153
96,los llanos de aridane,28.6592569,-17.9152016,64.13,64.13,64.15,61,0,13.8,ES,1651459154
97,arteche,11.6821151,124.8624062,86.7,86.7,86.7,58,80,3.09,PH,1651459154
98,barentsburg,78.065362,14.2172367,10.0,10.0,10.0,84,47,6.38,SJ,1651459155
99,cidreira,-30.1657063,-50.218331,62.8,62.8,62.8,77,100,6.71,BR,1651459156
100,bria,43.7713889,0.8772222,52.7,51.69,55.11,99,100,8.63,FR,1651459156
101,talnakh,69.4939889,88.3907607,21.58,21.58,21.58,87,100,10.02,RU,1651459157
102,sal rei,16.1759912,-22.9169213,69.8,69.8,69.8,84,4,13.09,CV,1651459158
103,khatanga,71.9819205,102.4714765,23.43,23.43,23.43,83,99,14.85,RU,1651459158
104,barrow,71.2905556,-156.788611,19.42,19.42,19.42,86,100,14.97,US,1651459159
105,ust-ilimsk,57.959473,102.734192,37.08,37.08,37.08,55,100,10.96,RU,1651459160
106,comodoro rivadavia,-45.8632024,-67.4752615,46.85,46.85,46.85,87,0,3.44,AR,1651459160
107,bathsheba,13.2129361,-59.5227245,79.2,79.2,79.2,89,20,14.97,BB,1651459161
108,kneza,46.1616717,13.8282555,50.49,48.52,53.06,87,100,8.99,SI,1651459162
109,teahupoo,-17.840272,-149.22237039798483,76.24,76.24,76.24,72,97,6.22,PF,1651459162
110,navolato,24.7633,-107.6979734,71.17,71.17,77.22,78,45,4.5,MX,1651459163
111,karratha,-20.7370067,116.8478592,87.96,87.96,87.96,38,67,16.15,AU,1651459164
112,cape town,-33.928992,18.417396,56.77,52.0,58.69,80,0,4.0,ZA,1651459164
113,mao,31.6835463,103.8502229,57.51,57.51,57.51,56,99,3.65,CN,1651459166
114,upernavik,72.7847392,-56.1469625,-3.05,-3.05,-3.05,86,8,5.59,GL,1651459166
115,mindelo,16.8874145,-24.9863842,69.84,69.84,69.84,73,20,21.85,CV,1651459167
116,kirakira,-10.4568963,161.9201736,83.1,83.1,83.1,76,100,8.77,SB,1651459168
117,jamestown,37.2104434,-76.7738928,64.0,61.05,66.07,96,0,5.75,US,1651459168
118,klaksvik,62.2266084,-6.5852705,38.44,38.44,38.44,70,49,20.96,FO,1651459169
119,chuy,-33.6937948,-53.4561114,52.59,52.59,52.59,79,33,5.99,BR,1651459169
120,marcona,-15.2155331,-75.08303444567473,58.82,58.82,58.82,82,35,7.67,PE,1651459170
121,marzuq,14.392507,46.470115,76.48,76.48,76.48,46,55,2.71,YE,1651459171
122,sorong,-0.8634105,131.2544805,84.34,84.34,84.34,73,35,7.09,ID,1651459171
123,hay river,60.8155874,-115.7866099,42.82,41.0,42.82,56,20,8.05,CA,1651459172
124,nikolskoye,59.7034799,30.7861084,39.16,32.79,39.79,92,67,5.77,RU,1651459173
125,hasaki,35.7529706,140.8201321,61.2,61.2,61.2,52,100,8.84,JP,1651459173
126,miyako,39.6395835,141.9461177,53.01,53.01,53.01,56,9,4.63,JP,1651459174
127,airai,-8.92655,125.40922,76.14,76.14,76.14,44,91,5.73,TL,1651459175
128,houma,29.5957696,-90.7195348,73.94,72.0,75.0,93,0,4.61,US,1651459021
129,san andres,4.90199215,-75.70131910681533,65.28,65.28,65.28,83,40,11.5,CO,1651459176
130,hofn,64.2532647,-15.2080441,32.67,32.67,32.67,76,100,8.32,IS,1651459177
131,haines junction,60.7527212,-137.5100384,46.35,46.35,46.35,53,98,6.91,CA,1651459178
132,tezu,27.9254195,96.1647135,77.02,77.02,77.02,70,97,2.19,IN,1651459178
133,amderma,69.7522076,61.662267280204404,19.06,19.06,19.06,90,100,7.7,RU,1651459179
134,castro,45.802987,10.06706,53.31,49.08,54.86,74,94,4.68,IT,1651459179
135,saleaula,-13.4518478,-172.3318889,81.93,81.93,81.93,78,83,4.63,WS,1651459180
136,tongliao,43.6428995,122.2558324,57.18,57.18,57.18,28,4,5.12,CN,1651459181
137,fairbanks,64.837845,-147.716675,52.11,50.81,53.98,34,0,3.44,US,1651459181
138,sawakin,19.103071,37.331236,80.08,80.08,80.08,76,8,8.37,SD,1651459182
139,bombay,19.0759899,72.8773928,86.0,86.0,86.0,84,40,6.91,IN,1651459183
140,eureka,40.8020712,-124.1636729,53.37,51.19,54.21,80,20,3.0,US,1651459183
141,mount isa,-20.7289898,139.4931522,84.06,84.06,84.06,42,75,9.22,AU,1651459184
142,marsa matruh,31.3528567,27.2395262,64.6,64.6,64.6,88,0,6.91,EG,1651459184
143,tiksi,71.636604,128.868546,17.35,17.35,17.35,80,31,8.79,RU,1651459185
144,ulladulla,-35.3621503,150.4751713,72.37,72.37,72.37,50,0,7.18,AU,1651459185
145,shimoda,34.679545,138.945379,61.97,61.97,62.83,70,98,6.04,JP,1651459186
146,wetaskiwin,52.968492,-113.36792,50.29,49.01,52.68,66,95,2.98,CA,1651459187
147,butaritari,2.9205375,172.91886331442205,81.73,81.73,81.73,77,91,12.77,KI,1651459187
148,abha,18.2164282,42.5043596,59.25,59.25,60.62,63,0,0.0,SA,1651459188
149,hithadhoo,1.7959425,73.38755195657038,85.64,85.64,85.64,73,71,19.69,MV,1651459189
150,haysville,37.5644615,-97.3522675,64.35,60.4,66.52,51,0,9.22,US,1651459088
151,esperance,-33.858228,121.8931606,69.51,69.51,69.51,54,34,9.51,AU,1651459189
152,progreso,26.0922991,-97.9572242,78.85,77.29,80.26,88,100,17.27,US,1651459190
153,broome,-17.9566909,122.2240181,93.09,93.09,93.09,46,0,10.36,AU,1651459191
154,puerto ayora,-0.7471674,-90.3134198,72.59,72.59,72.59,91,6,5.06,EC,1651459191
155,ust-nera,64.566376,143.237839,36.23,36.23,36.23,91,61,2.8,RU,1651459192
156,kasungu,-13.0395452,33.4784085,54.52,54.52,54.52,91,0,3.58,MW,1651459193
157,siddipet,18.1017739,78.8520128,91.35,91.35,91.35,40,54,7.23,IN,1651459193
158,aiquile,-18.2002218,-65.1806293,53.64,53.64,53.64,92,54,3.02,BO,1651459194
159,matay,6.7729896,-9.64194,73.31,73.31,73.31,98,100,1.59,LR,1651459194
160,mayo,63.5926909,-135.8961421,51.8,51.8,51.8,35,100,5.75,CA,1651459195
161,balkanabat,39.5116273,54.3539921,63.07,63.07,63.07,71,38,4.7,TM,1651459196
162,bethel,60.7922222,-161.7558333,55.78,51.82,57.54,32,75,13.8,US,1651459196
163,sorvag,67.8890439,13.0166629,36.68,36.68,36.68,62,98,14.45,NO,1651459197
164,bargal,11.286823,51.07795,82.06,82.06,82.06,83,1,9.1,SO,1651459198
165,east london,-33.0191604,27.8998573,60.19,60.19,60.19,75,0,5.66,ZA,1651459198
166,halifax,44.648618,-63.5859487,37.08,34.97,37.69,83,100,8.05,CA,1651459199
167,talara,-4.5796872,-81.2718335,67.62,67.62,67.62,87,73,11.21,PE,1651459199
168,grand bank,47.1006595,-55.7544263,41.99,41.99,41.99,98,100,9.48,CA,1651459200
169,port hedland,-20.3111814,118.5801181,84.24,84.24,84.24,48,94,11.5,AU,1651459201
170,port alfred,-33.5981844,26.8914772,59.94,59.94,59.94,81,12,5.79,ZA,1651459201
171,turukhansk,65.7934285,87.9589375,30.15,30.15,30.15,94,61,11.39,RU,1651459202
172,russell,38.895289,-98.859806,57.04,54.7,59.59,41,0,10.36,US,1651459203
173,farafangana,-22.8215796,47.8306554,69.42,69.42,69.42,89,11,3.85,MG,1651459204
174,katherine,-14.4646157,132.2635993,93.51,93.51,93.51,29,40,16.11,AU,1651459204
175,dukat,42.4367457,22.3110456,38.39,38.39,38.39,92,91,4.09,RS,1651459205
176,grand-lahou,5.244259,-5.003462,77.36,77.36,77.36,91,100,3.24,CI,1651459206
177,tabory,53.89094,19.52927,40.78,40.78,40.78,87,29,2.57,PL,1651459207
178,pisco,-13.7099813,-76.2029793,64.29,63.86,64.29,82,0,8.05,PE,1651459207
179,abonnema,6.244554,8.621643,74.16,74.16,74.16,97,97,2.28,NG,1651459208
180,solnechnyy,50.723808,136.64006,37.71,37.71,37.71,78,99,4.43,RU,1651459209
181,ashta,23.0266822,76.7167084,89.51,89.51,89.51,37,0,15.01,IN,1651459209
182,samfya,-11.3726134,29.5595143,58.05,58.05,58.05,76,35,8.59,ZM,1651459210
183,bolshiye uki,56.949043,72.625717,39.24,39.24,39.24,65,29,5.82,RU,1651459211
184,tupik,54.426773,119.94368,51.64,51.64,51.64,56,100,11.5,RU,1651459211
185,pingliang,35.5432,106.6608107,61.36,61.36,61.36,16,0,8.97,CN,1651459212
186,kautokeino,69.1325609,23.57829982232755,29.25,29.25,29.25,97,100,9.48,NO,1651459213
187,almaznyy,48.030155,40.039642,41.85,41.85,41.85,61,100,6.44,RU,1651459213
188,provideniya,64.4238198,-173.2275013,25.72,25.72,25.72,56,16,12.97,RU,1651459214
189,campo maior,-4.8339574,-42.1739786,74.93,74.93,74.93,88,96,3.62,BR,1651459215
190,santa maria,-29.6860512,-53.8069214,60.04,60.04,60.04,100,75,2.3,BR,1651459215
191,yakeshi,49.321229,121.278069,53.29,53.29,53.29,33,100,16.67,CN,1651459216
192,mino,34.862898,135.475719,59.97,56.7,61.34,41,40,8.05,JP,1651459217
193,ambulu,-8.345037,113.6057621,86.05,86.05,86.05,67,64,3.78,ID,1651459217
194,pangai,-19.8054603,-174.3489373,82.45,82.45,82.45,78,40,4.61,TO,1651459218
195,srednekolymsk,67.455497,153.7071456,34.23,34.23,34.23,100,100,2.91,RU,1651459219
196,nizhneyansk,71.440445,136.130646,18.59,18.59,18.59,89,90,10.56,RU,1651459219
197,cordoba,-31.4173391,-64.183319,48.97,48.97,56.12,71,0,3.44,AR,1651459220
198,faanui,-16.48243875,-151.73383197031578,80.1,80.1,80.1,73,99,9.33,PF,1651459221
199,bentiu,9.2480864,29.8003988,82.4,82.4,82.4,47,58,6.29,SS,1651459221
200,chekhov,55.1426603,37.4545328,42.15,42.15,43.02,93,92,4.59,RU,1651459222
201,agva,-1.3976497,-78.4236204,61.48,61.48,61.48,92,96,0.56,EC,1651459222
202,genhe,50.7811626,121.5251639,50.85,50.85,50.85,43,100,13.2,CN,1651459223
203,mehamn,71.0349713,27.8517178,26.4,26.4,26.4,74,75,3.44,NO,1651459224
204,ahipara,-35.1664105,173.1562074,68.02,68.02,68.02,61,100,5.5,NZ,1651459224
205,male,4.1779879,73.5107387,85.98,85.98,85.98,79,75,20.71,MV,1651459225
206,maihar,24.260444,80.7592749,97.0,97.0,97.0,15,87,5.55,IN,1651459225
207,curillo,1.0326931,-75.9193814,69.58,69.58,69.58,92,99,1.32,CO,1651459226
208,sangar,29.9995839,52.1493012,53.53,53.53,53.53,54,0,4.0,IR,1651459227
209,makat,47.6471515,53.350528,50.14,50.14,50.14,53,15,14.81,KZ,1651459228
210,tasiilaq,65.6152573,-37.6378149,19.2,19.2,19.2,62,83,4.34,GL,1651459228
211,ust-maya,60.416439,134.536499,47.17,47.17,47.17,63,10,13.76,RU,1651459229
212,namatanai,-3.6641739,152.4407285,86.02,86.02,86.02,67,16,6.71,PG,1651459230
213,kavieng,-2.573474,150.795224,83.71,83.71,83.71,76,25,9.13,PG,1651459230
214,kochubey,44.3931419,46.5397827,58.51,58.51,58.51,75,100,13.76,RU,1651459231
215,elko,40.8324713,-115.763162,50.27,48.34,51.73,49,0,14.97,US,1651459231
216,alotau,-10.3060931,150.4464005,85.44,85.44,85.44,69,65,6.26,PG,1651459233
217,longyearbyen,78.2231558,15.6463656,10.67,10.67,10.67,72,75,9.22,SJ,1651459233
218,portales,34.1861922,-103.334397,70.74,70.48,72.93,76,6,29.62,US,1651459234
219,nereju,45.7164013,26.7175335,43.59,43.59,43.59,75,100,3.69,RO,1651459234
220,tautira,-27.145219,-109.430579,72.36,72.36,72.36,73,75,6.91,CL,1651459235
221,sitka,57.0524973,-135.337612,46.22,46.22,46.22,76,100,12.66,US,1651459236
222,ilulissat,69.2197127,-51.0986385,17.89,17.89,17.89,67,40,0.0,GL,1651459236
223,galgani,12.4486,34.2186,86.02,86.02,86.02,34,78,7.25,SD,1651459237
224,yulara,-25.2410108,130.9869405,69.64,69.64,69.64,43,40,8.05,AU,1651459238
225,saint george,12.0535331,-61.751805,79.68,79.68,79.68,78,20,12.66,GD,1651459238
226,oranjemund,-28.551932,16.428415,67.86,67.86,67.86,22,0,13.38,NA,1651459239
227,lianzhou,24.9377373,112.4818454,65.59,65.59,65.59,64,96,7.78,CN,1651459239
228,ponta delgada,37.7394344,-25.6683618,61.52,61.52,65.5,77,75,5.75,PT,1651459240
229,sibu,2.2906434,111.8256158,79.03,79.03,79.03,89,40,2.3,MY,1651459241
230,sasolburg,-26.810278,27.821389,48.13,48.13,48.13,51,0,4.21,ZA,1651459241
231,beloha,-25.173872,45.061465,64.74,64.74,64.74,83,2,3.94,MG,1651459242
232,esso,55.9282472,158.7043579,33.82,33.82,33.82,88,100,3.53,RU,1651459243
233,georgetown,6.8137426,-58.1624465,75.49,75.49,75.49,85,30,9.66,GY,1651459243
234,sakakah,29.9784008,40.2047701,67.57,67.57,67.57,39,0,7.11,SA,1651459244
235,port augusta,-32.4908819,137.7639874,71.24,71.24,71.24,33,0,5.82,AU,1651459245
236,plettenberg bay,-34.052778,23.369444,58.05,58.05,58.05,77,3,5.35,ZA,1651459245
237,rio verde de mato grosso,-18.9169208,-54.8410727,74.68,74.68,74.68,47,51,4.65,BR,1651459246
238,buqayq,25.935556,49.668333,79.32,79.32,79.32,43,0,9.08,SA,1651459247
239,xining,36.617331,101.7761976,45.1,45.1,45.1,40,0,3.83,CN,1651459247
240,kruisfontein,-34.0119558,24.7433295,51.84,51.84,51.84,87,0,4.23,ZA,1651459248
241,nome,64.5011111,-165.4063889,42.85,38.1,42.87,57,0,27.63,US,1651459248
242,muros,40.678061,8.617315,45.05,45.05,45.05,92,15,3.65,IT,1651459249
243,elk,53.82395835,22.361915871120694,37.02,37.02,37.02,94,55,5.61,PL,1651459250
244,salalah,17.0174945,54.1010923,82.35,82.35,82.35,73,21,1.41,OM,1651459250
245,ileza,61.052715,43.899014,29.8,29.8,29.8,78,100,3.49,RU,1651459251
246,lake havasu city,34.4838502,-114.3224495,89.89,89.6,92.01,9,0,5.75,US,1651459111
247,hambantota,6.1249126,81.1242563,82.72,82.72,82.72,89,20,5.75,LK,1651459252
248,mys shmidta,68.8928813,-179.4130958,17.44,17.44,17.44,84,72,10.63,RU,1651459253
249,mar del plata,-37.9977225,-57.5482703,50.83,49.96,50.83,66,100,11.5,AR,1651459253
250,derzhavinsk,51.0990849,66.3138516,48.69,48.69,48.69,65,0,10.04,KZ,1651459254
251,nenjiang,49.1734835,125.231228,54.5,54.5,54.5,32,100,15.9,CN,1651459254
252,bengkulu,-3.7922858,102.2623797,84.18,84.18,84.18,64,100,2.98,ID,1651459255
253,sao gabriel da cachoeira,-0.1249715,-67.0813855,72.21,72.21,72.21,99,80,1.07,BR,1651459256
254,caraquet,47.7909581,-64.9491778,39.54,39.54,39.54,95,99,3.11,CA,1651459257
255,tual,-5.6443094,132.7416819,83.21,83.21,83.21,76,45,16.42,ID,1651459257
256,dingle,52.1408381,-10.2688831,51.44,51.44,51.44,93,88,2.91,IE,1651459258
257,moussoro,8.7618167,17.95045,81.19,81.19,81.19,56,100,6.85,TD,1651459258
258,saquena,-4.77356005,-73.38729603518213,71.83,71.83,71.83,96,99,2.42,PE,1651459259
259,leh,34.1642029,77.5848133,47.46,47.46,47.46,31,0,1.05,IN,1651459260
260,camabatela,-8.188669,15.3742111,59.76,59.76,59.76,75,83,3.85,AO,1651459260
261,bertoua,4.5777265,13.6844409,67.08,67.08,67.08,96,95,2.21,CM,1651459261
262,praia da vitoria,38.739237599999996,-27.156264396780458,59.72,59.63,59.72,88,75,1.74,PT,1651459262
263,lensk,60.7145488,114.9172123,29.75,29.75,29.75,58,100,9.84,RU,1651459262
264,san jose del palmar,4.8950096,-76.2350277,68.52,68.52,68.52,98,100,0.49,CO,1651459263
265,tsihombe,-25.318547,45.484057,66.78,66.78,66.78,81,3,4.21,MG,1651459264
266,palmares do sul,-30.2580247,-50.5097954,60.94,60.94,60.94,80,100,5.95,BR,1651459264
267,buala,-8.145546,159.5930366,84.31,84.31,84.31,71,82,4.09,SB,1651459265
268,mahebourg,-20.4111041,57.7060616,73.78,73.78,74.34,94,20,3.44,MU,1651459266
269,silver city,41.1133311,-95.637226,52.0,48.87,55.38,74,0,6.91,US,1651459266
270,escanaba,45.7455707,-87.0647434,41.85,40.95,42.76,100,100,6.91,US,1651459267
271,straelen,51.4439341,6.2694388,42.91,39.72,47.46,86,75,2.3,DE,1651459268
272,norsup,-16.057446,167.41022798793657,83.39,83.39,83.39,71,100,3.53,VU,1651459268
273,jacareacanga,-6.2196518,-57.758625,73.8,73.8,73.8,92,18,1.61,BR,1651459269
274,waipawa,-39.9411333,176.591342,66.13,66.13,66.13,57,94,2.08,NZ,1651459270
275,neyshabur,36.210595,58.7922805,61.72,61.72,61.72,67,37,1.95,IR,1651459270
276,kaitangata,-46.2817388,169.8464139,63.12,63.12,63.12,57,30,3.29,NZ,1651459271
277,tamiahua,21.278056,-97.445556,78.8,78.8,78.8,94,96,9.64,MX,1651459272
278,edd,13.930794,41.690461,87.66,87.66,87.66,50,83,7.74,ER,1651459272
279,la palma,39.5695818,2.6500745,57.96,55.2,59.05,87,20,4.61,ES,1651459273
280,ust-tsilma,65.438683,52.156208,25.66,25.66,25.66,83,100,8.08,RU,1651459274
281,samalaeulu,-13.5010083,-172.299895,86.52,86.52,87.31,78,83,4.99,WS,1651459274
282,umzimvubu,-30.82491,28.92177617804983,45.43,45.43,45.43,76,0,4.36,ZA,1651459275
283,cabo san lucas,22.8938884,-109.9200604,70.79,69.91,83.3,56,0,11.5,MX,1651459276
284,torbay,47.6576953,-52.726986,39.47,37.74,41.63,94,75,4.61,CA,1651459276
285,orlik,53.730977949999996,20.04194387589351,36.61,36.61,36.61,85,46,3.15,PL,1651459277
286,sant feliu de guixols,41.7838827,3.0283195,58.17,56.8,62.1,59,100,5.46,ES,1651459277
287,coihaique,-45.5711804,-72.0684863,43.05,40.14,43.05,87,0,4.61,CL,1651459278
288,suixi,21.289356,110.0089281,64.15,64.15,64.15,74,100,13.51,CN,1651459279
289,bisho,-32.8494444,27.4463889,49.14,49.14,49.14,82,0,3.71,ZA,1651459280
290,egvekinot,66.3227382,-179.1201311,24.04,24.04,24.04,64,32,2.91,RU,1651459280
291,poum,-20.2316547,164.029894,78.62,78.62,78.62,78,24,6.35,NC,1651459281
292,whitehorse,60.721571,-135.054932,44.58,43.81,45.37,69,100,15.01,CA,1651459282
293,taktaharkany,48.088049,21.1324053,50.41,50.41,50.41,84,95,1.68,HU,1651459282
294,san cristobal,7.7756663,-72.2214154,73.27,73.27,73.27,95,88,3.4,VE,1651459283
295,salym,60.076126,71.473679,41.05,41.05,41.05,51,88,3.56,RU,1651459284
296,viedma,-40.8084274,-62.994722,49.87,49.87,49.87,72,100,6.38,AR,1651459284
297,vaitupu,-7.4769458,178.6807836433052,82.71,82.71,82.71,73,73,7.61,TV,1651459285
298,guerrero negro,27.9709506,-114.036389,60.01,60.01,60.01,86,25,14.81,MX,1651459286
299,ostrovnoy,68.0544447,39.5129384,17.96,17.96,17.96,90,69,7.67,RU,1651459287
300,ghoti,21.1708486,80.1509203,95.68,95.68,95.68,30,57,8.99,IN,1651459287
301,olga,45.107044,7.273613,53.37,50.23,56.21,69,79,1.97,IT,1651459288
302,sonoita,31.6795337,-110.6553594,73.67,72.99,75.27,20,0,13.67,US,1651459289
303,siniscola,40.571868,9.692238,51.35,51.35,51.35,84,4,5.44,IT,1651458990
304,geraldton,-28.77035,114.6147159,71.76,71.76,71.76,40,0,9.22,AU,1651459290
305,san policarpo,12.1795889,125.5087764,83.5,83.5,83.5,73,95,7.9,PH,1651459290
306,kodiak,57.79,-152.4072222,45.91,45.91,45.91,66,100,11.5,US,1651459291
307,nemuro,43.3301154,145.5829068,41.61,41.61,41.61,97,100,22.88,JP,1651459291
308,manyana,-24.775121,25.592222,56.23,56.23,56.23,74,0,5.17,BW,1651459292
309,alyangula,-13.8489517,136.4199111,89.47,89.47,89.47,55,40,9.22,AU,1651459293
310,vanimo,-2.6847646,141.3009131,80.24,80.24,80.24,88,100,2.08,PG,1651459293
311,leogane,18.5111126,-72.6334255,74.37,74.37,74.37,88,100,9.1,HT,1651459294
312,sao miguel do araguaia,-13.2726442,-50.1627219,71.98,71.98,71.98,64,1,3.36,BR,1651459294
313,luderitz,-26.6500086,15.157266,71.65,71.65,71.65,28,0,10.56,NA,1651459295
314,fort nelson,58.8062066,-122.6942704,53.24,53.24,53.24,40,40,14.97,CA,1651459296
315,damavand,35.7179802,52.0681882,51.84,51.84,51.84,69,100,0.43,IR,1651459297
316,vao,58.93963145,25.97080937451389,30.78,30.78,30.78,90,55,4.7,EE,1651459297
317,katsuura,35.1521846,140.3207449,62.28,62.28,62.28,56,90,7.2,JP,1651459298
318,keetmanshoop,-26.5816902,18.1365094,56.34,56.34,56.34,25,0,6.55,NA,1651459299
319,herat,34.3508273,62.2164003,64.65,64.65,64.65,53,99,5.21,AF,1651459299
320,rabo de peixe,37.794324,-25.583300613044948,64.04,60.08,64.04,75,75,5.75,PT,1651459300
321,santa rosa,38.4404925,-122.7141049,59.32,49.95,67.46,66,0,4.0,US,1651459300
322,zabol,31.0277779,61.4948211,75.18,75.18,75.18,35,0,13.8,IR,1651459301
323,la baule-escoublac,47.2843726,-2.3951595,51.96,51.96,55.31,92,0,5.75,FR,1651459302
324,amapa,21.7844465,-105.254711,69.85,69.85,69.85,76,57,1.43,MX,1651459302
325,north platte,41.1238873,-100.7654232,53.46,50.32,55.08,47,0,14.0,US,1651459303
326,minsk,53.9024716,27.5618225,42.66,41.85,42.66,82,100,4.99,BY,1651459304
327,whyalla,-33.0502707,137.5758835898874,69.94,69.94,69.94,52,0,4.61,AU,1651459304
328,preston,53.7593363,-2.6992717,51.26,49.28,52.47,92,100,0.49,GB,1651459305
329,rolim de moura,-11.727071,-61.771411,73.13,73.13,73.13,90,68,1.32,BR,1651459305
330,liverpool,53.4071991,-2.99168,50.9,48.97,52.63,91,20,5.75,GB,1651459306
331,saint-pierre,48.3832725,7.4718731,44.02,41.92,47.17,92,53,3.67,FR,1651459307
332,saldanha,-32.9977778,17.9455556,55.67,55.67,55.67,59,100,7.02,ZA,1651459307
333,havelock,34.8785,-76.9014457,69.6,67.95,71.58,86,0,8.05,US,1651459308
334,emerald,-23.5263118,148.1618622,78.91,78.31,78.91,53,75,5.75,AU,1651459309
335,nizhniy kuranakh,58.819115,125.529327,32.61,32.61,32.61,73,100,11.68,RU,1651459309
336,parati,-23.2196461,-44.7154196,71.44,71.44,71.44,89,4,4.25,BR,1651459310
337,vila,39.613432,2.880353635614984,54.43,53.94,57.78,90,20,4.61,ES,1651459311
338,plastun,44.7589818,136.286379,44.28,44.28,44.28,75,100,5.55,RU,1651459311
339,karaul,58.2762328,48.306824,35.46,35.46,35.46,84,91,5.82,RU,1651459312
340,rock springs,41.5860557,-109.2194544,46.62,46.29,48.47,66,100,21.85,US,1651459312
341,zarubino,42.650555,131.0617019,50.45,50.45,50.45,51,44,1.77,RU,1651459313
342,kamenka,53.1850012,44.0529066,39.13,39.13,39.13,63,65,5.23,RU,1651459313
343,tatarsk,55.235792200000006,75.96706560132591,43.97,43.97,43.97,58,44,11.05,RU,1651459314
344,anloga,5.7936484,0.8984702,81.97,81.97,81.97,81,100,8.81,GH,1651459315
345,paita,-5.0910296,-81.1061383,67.91,67.91,67.91,83,50,11.5,PE,1651459315
346,deputatskiy,54.8408485,61.1269918,36.23,36.23,36.23,48,4,15.73,RU,1651459316
347,bratislava,48.1516988,17.1093063,48.52,44.92,50.81,86,0,2.3,SK,1651459317
348,moratuwa,6.7746821,79.8826095,86.02,86.02,86.02,78,85,9.31,LK,1651459317
349,tuatapere,-46.1323096,167.6907627,62.47,62.47,62.47,63,22,6.31,NZ,1651459318
350,cockburn town,21.4607723,-71.1399956,77.34,77.34,77.34,81,92,23.78,TC,1651459319
351,sabang,5.8927453,95.3225751,84.18,84.18,84.18,73,99,16.69,ID,1651459319
352,hervey bay,-25.2985784,152.8535216,69.03,69.03,69.03,95,100,5.01,AU,1651459320
353,hirapur,28.7282607,78.5566561,91.71,91.71,91.71,30,5,16.73,IN,1651459320
354,souillac,44.8980172,1.46943,52.11,52.11,52.11,84,100,1.54,FR,1651459321
355,narsaq,60.9127453,-46.0452698,41.25,41.25,41.25,80,99,3.4,GL,1651459322
356,limoges,45.8354243,1.2644847,51.6,48.72,51.6,62,0,6.91,FR,1651459322
357,bud,37.5376145,-81.3792689,61.75,58.42,66.74,90,75,5.1,US,1651459323
358,vizinga,61.076214,50.084496,32.47,32.47,32.47,77,94,5.66,RU,1651459324
359,vestmannaeyjar,63.42704985,-20.269317184750797,44.6,44.6,44.6,83,99,16.35,IS,1651459324
360,blonduos,65.6601344,-20.280998,30.49,30.49,30.49,64,20,8.39,IS,1651459325
361,lompoc,34.6391501,-120.4579409,54.48,52.52,60.57,76,0,16.11,US,1651459326
362,horsham,51.0630273,-0.3295028,47.14,45.81,49.53,89,40,1.14,GB,1651459326
363,meulaboh,4.1481951,96.1339107,82.31,82.31,82.31,75,100,1.61,ID,1651459327
364,sayyan,15.1718281,44.3254275,60.48,60.48,60.48,44,15,3.98,YE,1651459328
365,adre,13.4664563,22.1977187,80.42,80.42,80.42,11,65,7.09,TD,1651459328
366,eirunepe,-6.6567654,-69.866161,71.94,71.94,71.94,97,97,2.33,BR,1651459329
367,prince george,53.9128645,-122.7453699,60.21,60.21,60.21,33,0,9.22,CA,1651459330
368,bada,51.391209,109.86763,69.01,69.01,69.01,26,74,9.82,RU,1651459330
369,westport,41.1414855,-73.3578955,52.59,49.86,56.93,61,0,0.0,US,1651459284
370,bonoua,5.2736582,-3.5966802,82.02,82.02,82.02,90,99,4.43,CI,1651459331
371,taoudenni,22.6762333,-3.9805269,75.72,75.72,75.72,26,13,9.48,ML,1651459332
372,nicolas bravo,29.3512611,-107.9339427,53.13,53.13,53.13,22,0,9.35,MX,1651459332
373,cicero dantas,-10.5932265,-38.3834411,65.59,65.59,65.59,94,7,3.06,BR,1651459333
374,dajal,29.5563174,70.3797208,99.3,99.3,99.3,12,90,7.2,PK,1651459334
375,gadwal,16.2347032,77.7946371,89.31,89.31,89.31,37,98,11.59,IN,1651459334
376,minab,27.1505605,57.0752814,79.18,79.18,79.18,69,0,2.3,IR,1651459335
377,kaeo,58.4681143,23.00591010910806,34.93,30.07,36.88,79,51,5.3,EE,1651459336
378,kisangani,0.5184021,25.2057292,70.32,70.32,70.32,99,100,4.72,CD,1651459336
379,kindu,-2.9493766,25.9184499,68.83,68.83,68.83,98,100,1.9,CD,1651459337
380,ngunguru,-35.6333633,174.5007751,66.07,66.07,66.07,67,98,7.87,NZ,1651459338
381,lodja,-3.5241628,23.5995098,64.35,64.35,64.35,99,96,1.74,CD,1651459338
382,berlevag,70.79904505,29.150528646532546,18.66,18.66,18.66,85,99,11.72,NO,1651459339
383,hong gai,20.9506793,107.0747169,73.24,73.24,73.24,54,98,8.7,VN,1651459340
384,grenville,45.622998,-74.5969294,53.47,53.2,57.52,73,100,12.75,CA,1651459340
385,grindavik,63.844239,-22.4317498,37.72,37.22,37.72,75,0,12.66,IS,1651459341
386,novikovo,51.1536804,37.8878869,41.41,41.41,41.41,65,81,3.15,RU,1651459342
387,attawapiskat,52.9244075,-82.4270112,35.6,35.6,35.6,80,100,5.75,CA,1651459342
388,carutapera,-1.2016638,-46.0205618,74.75,74.75,74.75,95,100,4.16,BR,1651459343
389,osuna,37.2373532,-5.1033306,57.72,51.19,57.72,69,0,5.93,ES,1651459343
390,hovd,48.0006353,91.6452415,64.94,64.94,64.94,9,34,4.83,MN,1651459344
391,sakaiminato,35.5391751,133.2318575,64.42,62.55,64.42,42,40,13.8,JP,1651459345
392,puerto gaitan,6.2261784,-71.4326372,76.69,76.69,76.69,79,79,1.66,CO,1651459345
393,sola,58.882082249999996,5.356254245388384,39.74,36.37,43.41,93,20,3.44,NO,1651459346
394,port blair,11.6645348,92.7390448,85.42,85.42,85.42,79,75,2.3,IN,1651459347
395,borskoye,53.025925,51.698658,39.61,39.61,39.61,52,2,0.94,RU,1651459347
396,caridad,13.8275315,-87.692492,78.21,78.21,78.21,86,95,2.39,HN,1651459348
397,ucluelet,48.9426817,-125.5460498,50.9,50.9,50.9,85,100,1.01,CA,1651459349
398,ilebo,-4.3316446,20.5882508,66.81,66.81,66.81,99,84,2.21,CD,1651459349
399,mabama,-5.1233425,32.5203175,66.54,66.54,66.54,95,99,4.05,TZ,1651459350
400,raga,11.80501475,10.530188496056002,87.84,87.84,87.84,31,98,6.91,NG,1651459351
401,santa catarina de tepehuanes,25.3382855,-105.7250061,63.61,63.61,63.61,17,100,7.99,MX,1651459351
402,margate,51.3878174,1.3819699,48.06,45.99,51.42,76,100,1.01,GB,1651459352
403,itaituba,-4.2625218,-55.9878139,73.4,73.4,73.4,99,100,0.98,BR,1651459352
404,dickinson,46.8791756,-102.7896242,47.01,47.01,47.01,49,0,5.75,US,1651459353
405,gbadolite,4.2814268,20.9997307,71.71,71.71,71.71,90,100,2.71,CD,1651459354
406,canmore,51.0866897,-115.3481135,36.86,36.41,51.94,92,91,3.44,CA,1651459163
407,norman wells,65.282401,-126.832725,53.64,53.64,53.64,35,40,13.8,CA,1651459355
408,malchin,53.7382631,12.7644198,39.45,39.45,39.45,85,35,1.36,DE,1651459355
409,uelzen,52.9666845,10.5584863,37.74,37.74,44.49,79,100,3.78,DE,1651459356
410,gornopravdinsk,60.060318,69.92292,40.3,40.3,40.3,59,97,6.71,RU,1651459357
411,batagay-alyta,67.799362,130.403229,19.26,19.26,19.26,92,100,12.44,RU,1651459357
412,husavik,66.0433168,-17.3410402,27.14,27.14,27.14,75,100,4.99,IS,1651459358
413,port pirie,-33.1791249,138.0058614,69.85,69.85,69.85,46,0,4.99,AU,1651459359
414,nioki,-2.720373,17.685412,70.05,70.05,70.05,99,92,0.78,CD,1651459359
415,nanortalik,60.1400246,-45.2428523,36.19,36.19,36.19,85,100,2.06,GL,1651459360
416,sechura,-5.5575353,-80.8223327,68.43,68.43,68.43,80,45,14.76,PE,1651459360
417,havre,49.4938975,0.1079732,50.92,49.75,50.92,87,0,9.22,FR,1651459361
418,aykhal,65.9516363,111.4917562,22.68,22.68,22.68,82,54,18.07,RU,1651459362
419,touros,-5.1998625,-35.4595051,77.4,77.4,77.4,88,13,9.37,BR,1651459362
420,harper,41.3624875,-92.0510088,49.42,48.67,51.91,75,100,11.56,US,1651459363
421,barcelos,41.5314496,-8.6192306,54.61,53.69,54.91,91,85,1.12,PT,1651459363
422,hami,42.817404,93.5142008,71.46,71.46,71.46,8,52,4.09,CN,1651459364
423,adrar,27.8733807,-0.2874884,68.22,68.22,68.22,28,1,11.5,DZ,1651459365
424,santa rosalia,26.6817479,-105.456666,73.51,73.51,73.51,10,50,10.6,MX,1651459370
425,mpika,-11.8431958,31.4555126,52.09,52.09,52.09,86,4,7.43,ZM,1651459371
426,kyren,51.682404,102.132912,65.77,65.77,65.77,29,71,0.89,RU,1651459372
427,abu zabad,12.35,29.25,82.2,82.2,82.2,35,100,7.81,SD,1651459372
428,lazaro cardenas,15.1736223,-92.552146,79.72,79.72,79.72,86,95,2.66,MX,1651459373
429,bubaque,11.29969595,-15.833543367212418,77.22,77.22,77.22,70,81,10.07,GW,1651459374
430,bushehr,28.9310786,50.8458443,76.86,76.86,76.86,78,0,0.0,IR,1651459374
431,clyde river,46.2238705,-63.2571596,34.99,34.9,35.82,89,100,14.97,CA,1651459375
432,kenai,60.5544444,-151.258333,48.25,48.25,49.03,43,75,16.11,US,1651459141
433,xiongzhou,32.337034,118.8316754,72.18,72.18,72.18,41,3,10.36,CN,1651459376
434,arraial do cabo,-22.9662839,-42.024427,74.89,74.89,74.89,79,0,9.01,BR,1651459376
435,burnie,-41.0523688,145.9064073,62.15,62.15,64.11,81,100,13.22,AU,1651459377
436,arecibo,18.4702985,-66.7190726,75.31,74.23,79.95,93,100,4.38,PR,1651459378
437,dien bien,21.030667,105.8383505,75.16,75.16,75.16,46,98,10.78,VN,1651459378
438,smithers,54.7792074,-127.1760991,48.52,48.52,48.52,66,100,8.05,CA,1651459379
439,itarema,-2.9224684,-39.9152184,77.88,77.88,77.88,87,97,9.62,BR,1651459379
440,padang,-0.9247587,100.3632561,73.44,73.44,73.44,100,75,6.91,ID,1651459380
441,dong hoi,17.4659566,106.5984715,65.66,65.66,65.66,93,100,14.16,VN,1651459381
442,varnavino,57.396695,45.0849216,37.67,37.67,37.67,88,99,6.42,RU,1651459381
443,petropavlovsk-kamchatskiy,53.0199838,158.6471356,48.31,48.31,48.31,61,11,12.62,RU,1651459382
444,bambous virieux,-20.347199500000002,57.76474767388835,73.96,73.96,74.52,94,20,3.44,MU,1651459382
445,lata,-10.7241726,165.7977641,81.81,81.81,81.81,77,100,7.92,SB,1651459383
446,sao joao da barra,-21.6348588,-41.0487079,74.12,74.12,74.12,84,3,10.98,BR,1651459384
447,santiago del estero,-27.7877148,-64.2595062,60.85,60.85,60.85,51,100,3.67,AR,1651459384
448,vung tau,10.3486485,107.0765028,84.67,84.67,84.67,71,90,7.05,VN,1651459385
449,fez,34.0346534,-5.0161926,55.54,50.0,55.54,71,0,8.05,MA,1651459386
450,naryan-mar,67.6380175,53.0071044,18.84,18.84,18.84,96,100,9.48,RU,1651459386
451,yefremov,53.141834,38.116188,39.7,39.7,39.7,70,96,6.53,RU,1651459387
452,bundaberg,-24.8653253,152.3516785,71.11,69.98,71.11,91,75,13.8,AU,1651459387
453,porto novo,6.4990718,2.6253361,82.18,82.18,82.18,89,83,5.03,BJ,1651459388
454,tucurui,-3.7738509,-49.6708204,73.87,73.87,73.87,95,99,1.97,BR,1651459389
455,ruatoria,-37.8919955,178.3187514,65.64,65.64,65.64,60,33,5.75,NZ,1651459389
456,puerto escondido,15.8693331,-97.0726428,82.11,82.11,82.11,69,0,3.44,MX,1651459390
457,port lincoln,-34.7284175,135.8563199414681,67.28,67.28,67.28,57,0,8.88,AU,1651459391
458,inuvik,68.3602632,-133.720386,51.42,43.57,52.3,40,40,11.5,CA,1651459391
459,mafinga,-8.3015336,35.2989116,55.92,55.92,55.92,90,100,12.33,TZ,1651459392
460,misratah,32.3745318,15.0904886,63.19,63.19,63.19,78,3,29.53,LY,1651459393
461,vallenar,-28.5750438,-70.7616398,61.75,61.75,61.75,56,0,0.49,CL,1651459393
462,kompaniyivka,48.2497235,32.2043672,43.83,43.83,43.83,84,8,3.91,UA,1651459394
463,milverton,51.0251275,-3.2548397,48.31,46.81,49.48,97,100,1.01,GB,1651459395
464,barbar,24.4054184,76.6762662,93.4,93.4,93.4,31,8,13.65,IN,1651459395
465,rio grande,-53.7856766,-67.7016369,33.84,33.84,33.84,93,0,6.91,AR,1651459396
466,bredy,52.4223974,60.3372556,40.35,40.35,40.35,55,39,15.77,RU,1651459397
467,utinga,-12.0781018,-41.090787,67.42,67.42,67.42,98,89,1.34,BR,1651459397
468,byron bay,-28.6483333,153.6177778,75.09,73.94,75.09,55,8,12.77,AU,1651459398
469,vila franca do campo,37.7171624,-25.4335352,65.19,61.21,65.19,91,40,3.31,PT,1651459399
470,vanavara,60.345203,102.28093,34.79,34.79,34.79,46,100,8.3,RU,1651459399
471,kathu,7.9093905,98.3336498,85.59,83.91,85.59,94,100,3.89,TH,1651459400
472,tateyama,34.9965304,139.8699838,62.51,62.51,62.51,61,94,7.9,JP,1651459400
473,roma,41.8933203,12.4829321,50.31,46.02,55.4,74,0,4.61,IT,1651459401
474,tilichiki,60.429134,166.057053,29.68,29.68,29.68,84,9,2.62,RU,1651459402
475,arnedo,42.2273401,-2.0995697,44.15,44.15,44.15,85,98,6.64,ES,1651459402
476,yuxia,34.026904,105.069377,58.42,58.42,58.42,28,0,2.93,CN,1651459403
477,faya,13.6777637,-6.1585269,91.51,91.51,91.51,29,96,8.34,ML,1651459404
478,hamilton,43.2560802,-79.8728583,46.94,45.95,50.34,91,100,4.61,CA,1651459404
479,manali,32.2454608,77.1872926,65.48,65.48,65.48,46,0,3.09,IN,1651459405
480,fort-shevchenko,44.508556,50.261929,57.9,57.9,57.9,63,72,25.7,KZ,1651459405
481,flinders,-20.862898,144.2526073309786,84.09,84.09,84.09,45,40,12.66,AU,1651459406
482,portland,45.5202471,-122.6741949,60.44,56.86,63.18,68,100,2.44,US,1651459407
483,kuremaa,58.734445449999996,26.535589193635182,33.75,31.68,33.75,88,44,4.85,EE,1651459407
484,ngukurr,-14.7341439,134.7323402,92.53,92.53,92.53,29,6,18.14,AU,1651459408
485,rantepao,-2.9696864,119.898331,80.67,80.67,80.67,69,41,4.03,ID,1651459409
486,svetlaya,52.4482319,39.9390827,39.6,39.6,39.6,60,88,5.01,RU,1651459409
487,kimbe,-5.5562921,150.1529513,85.21,85.21,85.21,73,19,5.01,PG,1651459410
488,verkhnetulomskiy,68.606667,31.797497,28.53,28.13,28.53,82,99,3.58,RU,1651459410
489,kandrian,-6.2074238,149.5476443,85.21,85.21,85.21,70,19,6.17,PG,1651459411
490,brownwood,31.7070026,-98.9831022,78.51,74.25,80.65,61,100,16.11,US,1651459412
491,petauke,-14.2501789,31.3297784,58.75,58.75,58.75,84,1,10.63,ZM,1651459413
492,karabash,55.485809,60.209541,34.59,34.59,34.59,52,4,11.32,RU,1651459413
493,wad madani,14.3965781,33.5309561,88.21,88.21,88.21,21,19,4.43,SD,1651459414
494,christchurch,-43.530955,172.6366455,72.55,68.5,75.34,56,0,3.44,NZ,1651459237
495,magadan,59.5604768,150.7988617,43.29,43.29,43.29,86,83,5.06,RU,1651459415
496,amboasary,-18.44362,48.262943,64.15,64.15,64.15,96,89,3.58,MG,1651459415
497,ewa beach,21.315603,-158.008804,80.49,75.02,84.15,59,75,23.02,US,1651459416
498,ylojarvi,61.5499614,23.5969495,36.19,35.55,37.0,74,0,6.91,FI,1651459417
499,huarmey,-10.0687481,-78.152199,65.95,65.95,65.95,86,90,4.52,PE,1651459417
500,micheweni,-4.9828117,39.8331878,77.86,77.86,77.86,82,41,13.65,TZ,1651459418
501,dawlatabad,36.4204275,64.8975266,69.55,69.55,69.55,48,97,16.42,AF,1651459418
502,ambilobe,-13.194439,49.049956,71.64,71.64,71.64,96,32,3.09,MG,1651459419
503,valga,57.777034,26.0315628,31.01,31.01,31.01,92,25,2.86,EE,1651459420
504,mandiana,10.6221083,-8.6949519,80.01,80.01,80.01,59,55,4.25,GN,1651459420
505,aswan,24.091071,32.897306,79.97,79.97,79.97,14,0,6.91,EG,1651459421
506,othonoi,39.85226515,19.395683414465843,59.25,56.62,59.25,85,100,9.22,GR,1651459422
507,dauriya,25.0997254,79.3985716,100.29,100.29,100.29,14,2,11.1,IN,1651459422
508,san vicente,6.2826869,-75.3317647,60.28,56.86,60.28,88,75,3.44,CO,1651459423
509,chegdomyn,51.134487,133.035553,46.81,46.81,46.81,47,99,1.21,RU,1651459424
510,poway,32.9628234,-117.0358646,59.61,56.19,64.45,75,0,8.05,US,1651459373
511,wenatchee,47.4234599,-120.3103494,65.93,61.14,68.38,39,75,11.5,US,1651459266
512,meiganga,6.5172003,14.2946927,65.12,65.12,65.12,91,88,3.42,CM,1651459425
513,tulagi,-9.10155905,160.14657566666668,82.92,82.92,82.92,72,97,8.3,SB,1651459425
514,am timan,11.0396368,20.2826429,84.63,84.63,84.63,45,100,7.14,TD,1651459426
515,gaillac,43.9016766,1.8967943,51.66,50.95,54.16,81,100,1.99,FR,1651459427
516,burgeo,47.612504,-57.6095399,37.71,37.71,37.71,88,100,10.49,CA,1651459427
517,kiama,-34.6958202,150.79591231385055,70.66,65.93,71.85,64,0,7.0,AU,1651459428
518,stornoway,58.20842,-6.3881077,47.55,47.03,48.16,78,100,4.61,GB,1651459428
519,camacha,32.679439,-16.8448679,55.56,55.13,56.03,77,20,20.71,PT,1651459429
520,caiaponia,-16.9538779,-51.8090761,65.16,65.16,65.16,59,8,1.79,BR,1651459430
521,san jeronimo,6.4427228,-75.727937,73.45,73.35,76.77,96,100,2.28,CO,1651459431
522,nikki,9.98537345,3.253330776324945,78.76,78.76,78.76,58,100,6.2,BJ,1651459431
523,soe,44.5391105,18.675193,48.02,48.02,48.22,100,40,2.3,BA,1651459432
524,kachikau,-18.153244,24.502795,58.73,58.73,58.73,71,5,5.53,NA,1651459432
525,najran,17.5439809,44.2246817,70.86,70.86,70.86,30,32,1.34,SA,1651459433
526,saint-joseph,49.5344534,-1.529802,48.76,48.76,48.76,87,100,3.44,FR,1651459434
527,bowen,40.2333789,-91.0626375,50.11,44.6,52.74,82,16,6.73,US,1651459434
528,marrakesh,31.6258257,-7.9891608,60.75,60.75,60.75,59,0,3.44,MA,1651459435
529,calabar,4.9795999,8.3373597,75.49,75.49,75.49,95,100,1.57,NG,1651459435
530,lexington,38.0464066,-84.4970393,61.29,54.41,65.52,55,0,9.22,US,1651459112
531,jiuquan,39.7321262,98.4936839,62.87,62.87,62.87,13,7,6.11,CN,1651459436
532,hobyo,5.349526,48.526366,83.5,83.5,83.5,71,99,14.74,SO,1651459437
533,makakilo city,21.3469444,-158.0858333,79.92,74.61,82.72,59,75,23.02,US,1651459438
534,ancud,-41.8682162,-73.8287225,49.14,49.14,49.14,92,7,4.38,CL,1651459438
535,gogrial,8.5344438,28.0984675,81.09,81.09,81.09,52,81,8.66,SS,1651459439
536,kristiinankaupunki,62.2736018,21.3730807,36.73,36.73,36.73,89,100,6.8,FI,1651459440
537,santa cruz del sur,20.71786515,-77.99611921158797,76.68,76.68,76.68,78,74,16.2,CU,1651459440
538,roebourne,-20.7723709,117.145828,86.94,86.94,86.94,41,98,17.56,AU,1651459441
539,cedar city,37.6774238,-113.061827,49.17,46.4,49.17,50,20,8.05,US,1651459441
540,cam ranh,11.9166696,109.14861,85.91,85.91,85.91,70,20,4.61,VN,1651459442
541,korla,41.7238743,86.173541,67.14,67.14,67.14,19,9,9.8,CN,1651459443
542,pizarro,4.9537522,-77.366788,77.94,77.94,77.94,87,100,3.18,CO,1651459443
543,hwange,-18.3529115,26.4986965,64.35,64.35,64.35,64,66,7.34,ZW,1651459444
544,itarsi,22.6124961,77.762753,93.94,93.94,93.94,30,2,13.73,IN,1651459445
545,olafsvik,64.8959304,-23.7084345,33.17,33.17,33.17,65,29,18.54,IS,1651459445
546,codajas,-3.8413202,-62.0603444,74.03,74.03,74.03,98,100,2.59,BR,1651459446
547,jerome,39.7673609,-89.67755613367817,50.25,47.95,51.75,78,0,3.44,US,1651459446
548,chase,30.7334421,76.7797143,93.78,93.78,93.78,21,3,15.5,IN,1651459447
549,zlobin,52.8909181,30.0368186,43.02,43.02,43.02,94,99,6.69,BY,1651459448
550,waingapu,-9.652179,120.2636908,87.19,87.19,87.19,64,32,15.59,ID,1651459448
551,kholmy,51.872562,32.595619,45.01,45.01,45.01,69,99,5.19,UA,1651459449
552,mugur-aksy,50.3800035,90.441721,53.22,53.22,53.22,22,96,7.07,RU,1651459450
553,gimli,50.6323125,-96.9881076,33.85,33.85,33.85,86,100,13.8,CA,1651459450
554,tukrah,32.532222,20.572222,63.12,63.12,63.12,87,1,22.1,LY,1651459451
555,teloloapan,18.367239,-99.8705229,72.46,72.46,72.46,22,27,1.7,MX,1651459452
556,la ronge,55.1005283,-105.2900485,33.98,33.94,33.98,64,20,6.91,CA,1651459452
557,gao,16.2788129,-0.0412392,82.4,82.4,82.4,14,13,8.5,ML,1651459453
558,kissidougou,9.192389,-10.098269,74.71,74.71,74.71,76,82,2.8,GN,1651459453
559,east millcreek,42.1010781,-80.0207202385076,55.35,54.25,56.05,92,100,4.61,US,1651459454
560,khilok,51.3628436,110.4579749,68.07,68.07,68.07,27,94,8.97,RU,1651459455
561,madiun,-7.6290837,111.5168819,85.93,85.93,85.93,70,99,1.74,ID,1651459455
562,dawei,14.0797232,98.1990191,78.73,78.73,78.73,88,100,2.75,MM,1651459456
563,cabra,37.4718153,-4.4335616,56.21,56.21,56.21,71,0,3.8,ES,1651459457
564,carnot,48.3674816,-3.5201773,48.87,47.17,48.87,99,100,3.91,FR,1651459457
565,camopi,3.1660034,-52.3340169,71.13,71.13,71.13,99,32,1.92,GF,1651459458
566,manta,44.6158717,7.4870199,53.1,50.59,55.38,76,21,4.61,IT,1651459458
567,palabuhanratu,-6.9882409,106.5503728,84.96,84.96,84.96,74,100,1.57,ID,1651459459
568,cap-aux-meules,47.377501,-61.8661738,35.58,35.58,35.62,87,100,19.57,CA,1651459460
569,hokitika,-42.7178871,170.9646469,61.02,61.02,61.02,90,99,4.83,NZ,1651459460
570,phan rang,11.5769829,108.9865391,88.61,88.61,88.61,58,100,5.68,VN,1651459461
571,zhangye,38.9365134,100.4556326,61.3,61.3,61.3,15,0,7.36,CN,1651459462
572,talaya,55.7870061,84.8934553,46.24,46.24,46.24,91,100,3.67,RU,1651459462
573,teluk intan,4.023176,101.026184,86.05,86.05,86.05,72,100,3.87,MY,1651459463
574,aleysk,52.4970352,82.7732311,65.46,65.46,65.46,38,100,6.91,RU,1651459464
575,athabasca,54.7214539,-113.2857941,43.5,43.5,43.5,94,100,10.22,CA,1651459464
576,urengoy,65.9623488,78.3718646,28.44,28.44,28.44,94,100,4.09,RU,1651459465
577,ambon,47.5542438,-2.5566945,51.64,51.4,56.07,90,100,5.1,FR,1651459466
578,linxia,35.4787351,103.038525,50.95,50.95,50.95,36,0,5.3,CN,1651459466
579,henties bay,-22.1130313,14.2881683522115,59.94,59.94,59.94,80,0,1.74,NA,1651459467
580,acari,-22.8221528,-43.3406743,75.25,71.55,78.76,94,0,2.3,BR,1651459467
581,zhezkazgan,47.80434,67.714401,58.98,58.98,58.98,58,0,6.71,KZ,1651459468
582,boffa,10.1812281,-14.0377043,80.28,80.28,80.28,83,84,2.33,GN,1651459469
583,yeniseysk,58.4532212,92.1748169,35.64,35.64,35.64,86,100,16.22,RU,1651459469
584,khor,47.882572,134.960938,49.77,49.77,49.77,49,87,5.91,RU,1651459470
585,mainburg,48.640589,11.7820705,43.38,39.56,47.01,90,30,1.99,DE,1651459471
586,mizan teferi,6.9952914,35.5868945,61.88,61.88,61.88,96,100,2.75,ET,1651459471
587,valparaiso,-33.0458456,-71.6196749,56.28,51.24,56.28,72,0,2.3,CL,1651459472
588,wanaka,-44.6941691,169.1364637,64.47,64.47,64.47,61,36,1.99,NZ,1651459473
589,isiro,2.7742702,27.6208169,64.36,64.36,64.36,99,100,2.71,CD,1651459473
590,aflu,34.11252,2.10029,51.85,51.85,51.85,61,26,3.8,DZ,1651459474
591,miguel auza,24.2926012,-103.4505529,71.46,71.46,71.46,10,97,18.28,MX,1651459474
592,boras,57.7210839,12.9407407,33.17,33.12,38.55,93,70,5.59,SE,1651459475
593,dunedin,-45.8740984,170.5035755,63.09,63.09,63.09,61,7,3.96,NZ,1651459476
594,quelimane,-17.87751,36.890216,70.92,70.92,71.55,94,40,3.44,MZ,1651459476
595,macusani,-14.0684826,-70.4313639,36.1,36.1,36.1,86,45,4.59,PE,1651459477
596,the pas,45.5326,5.51253,43.12,39.96,46.74,92,18,0.72,FR,1651459477
597,alice springs,-23.6983884,133.8812885,71.15,71.15,71.15,37,15,10.36,AU,1651459478
598,yunjinghong,22.0076522,100.8021496,76.32,76.32,76.32,68,94,3.36,CN,1651459479
599,kutum,14.2108373,24.649584,76.15,76.15,76.15,11,45,6.13,SD,1651459479
600,shalakusha,62.227791,40.255424,30.51,30.51,30.51,83,100,5.06,RU,1651459480
601,williams lake,52.1292657,-122.1397259,59.27,59.27,59.27,38,100,8.05,CA,1651459481
602,pozo colorado,-17.8378269,-63.3348721,71.6,71.6,71.6,66,36,5.79,BO,1651459481
